Stift;Enhet;Löneservice;Antal konton
Göteborgs stift;Askims församling;Ja;39
Göteborgs stift;Backa pastorat;Ja;74
Göteborgs stift;Björketorps församling;Ja;22
Göteborgs stift;Bokenäsets församling;Ja;15
Göteborgs stift;Carl Johans pastorat;Ja;101
Göteborgs stift;Domkyrkopastoratet;Ja;208
Göteborgs stift;Falkenbergs pastorat;Ja;210
Göteborgs stift;Göteborgs stift;Ja;185
Göteborgs stift;Halmstads församling;Ja;237
Göteborgs stift;Herrestads församling;Ja;20
Göteborgs stift;Höks pastorat;Ja;52
Göteborgs stift;Kinds pastorat;Ja;96
Göteborgs stift;Kinna-Fritsla församling;Ja;26
Göteborgs stift;Kungsbacka pastorat;Ja;78
Göteborgs stift;Kungälv-Ytterby församling;Ja;67
Göteborgs stift;Laholms pastorat;Ja;42
Göteborgs stift;Lerums församling;Ja;60
Göteborgs stift;Lindome församling;Ja;30
Göteborgs stift;Ljungskile församling;Ja;26
Göteborgs stift;Lundby församling;Ja;69
Göteborgs stift;Marstrand-Torsby pastorat;Ja;37
Göteborgs stift;Munkedals församling;Ja;38
Göteborgs stift;Mölndals pastorat;Ja;129
Göteborgs stift;Nylöse pastorat;Ja;93
Göteborgs stift;Orusts pastorat;Ja;58
Göteborgs stift;Partille pastorat;Ja;82
Göteborgs stift;Romelanda pastorat;Ja;40
Göteborgs stift;Skepplanda pastorat;Ja;22
Göteborgs stift;Solberga pastorat;Ja;48
Göteborgs stift;Starrkärr-Kilanda församling;Ja;28
Göteborgs stift;Stenungsunds pastorat;Ja;39
Göteborgs stift;Stora Lundby-Östad pastorat;Ja;33
Göteborgs stift;Strömstads pastorat;Ja;45
Göteborgs stift;Särö pastorat;Ja;63
Göteborgs stift;Torestorps pastorat;Ja;15
Göteborgs stift;Torslanda-Björlanda församling;Ja;52
Göteborgs stift;Tvååkers pastorat;Ja;18
Göteborgs stift;Uddevalla pastorat;Ja;161
Göteborgs stift;Varbergs församling;Ja;108
Göteborgs stift;Västra Frölunda pastorat;Ja;123
Göteborgs stift;Öckerö församling;Ja;53
Göteborgs stift;Örby-Skene församling;Ja;25
Göteborgs stift;Örgryte pastorat;Ja;114
Göteborgs stift;Bollebygds pastorat;Nej;22
Göteborgs stift;Fjärås-Förlanda församling;Nej;16
Göteborgs stift;Getinge-Oskarströms pastorat;Nej;37
Göteborgs stift;Göteborgs begravningssamfällighet;Nej;477
Göteborgs stift;Harplinge-Steninge församling;Nej;48
Göteborgs stift;Himledalens församling;Nej;18
Göteborgs stift;Istorps pastorat;Nej;8
Göteborgs stift;Landvetter-Härryda pastorat;Nej;35
Göteborgs stift;Lilla Edets pastorat;Nej;27
Göteborgs stift;Lindberga församling;Nej;24
Göteborgs stift;Lysekils pastorat;Nej;45
Göteborgs stift;Löftadalens pastorat;Nej;57
Göteborgs stift;Nödinge församling;Nej;21
Göteborgs stift;Onsala församling;Nej;39
Göteborgs stift;Råda församling;Nej;31
Göteborgs stift;Skallsjö församling;Nej;16
Göteborgs stift;Snöstorps församling;Nej;69
Göteborgs stift;Sotenäs pastorat;Nej;48
Göteborgs stift;Spekeröd-Ucklums församling;Nej;9
Göteborgs stift;Sätila pastorat;Nej;22
Göteborgs stift;Söndrum-Vapnö församling;Nej;45
Göteborgs stift;Tanums pastorat;Nej;60
Göteborgs stift;Tjörns pastorat;Nej;49
Göteborgs stift;Träslövs församling;Nej;19
Göteborgs stift;Veddige-Kungsäters församling;Nej;25
Göteborgs stift;Värö-Stråvalla församling;Nej;11
Göteborgs stift;Västra Marks församling;Nej;13
Härnösands stift;Häggenås-Lit-Kyrkås församling;Ja;14
Härnösands stift;Härjedalens pastorat;Ja;45
Härnösands stift;Härnösands pastorat;Ja;88
Härnösands stift;Härnösands stift;Ja;115
Härnösands stift;Kramfors pastorat;Ja;59
Härnösands stift;Medelpads södra pastorat;Ja;257
Härnösands stift;Strömsunds pastorat;Ja;46
Härnösands stift;Sydöstra Jämtlands pastorat;Ja;218
Härnösands stift;Östersunds församling;Ja;71
Härnösands stift;Frösö, Sunne och Norderö församling;Nej;32
Härnösands stift;Krokoms pastorat;Nej;55
Härnösands stift;Medelpads norra pastorat;Nej;117
Härnösands stift;Sollefteå pastorat;Nej;63
Härnösands stift;Åre pastorat;Nej;50
Härnösands stift;Örnsköldsviks norra pastorat;Nej;85
Härnösands stift;Örnsköldsviks södra pastorat;Nej;180
Karlstads stift;Forshaga-Munkfors församling;Ja;46
Karlstads stift;Färgelanda-Högsäters församling;Ja;30
Karlstads stift;Grava församling;Ja;24
Karlstads stift;Hagfors pastorat;Ja;37
Karlstads stift;Hammarö församling;Ja;36
Karlstads stift;Karlstads pastorat;Ja;282
Karlstads stift;Karlstads stift;Ja;99
Karlstads stift;Kristinehamns församling;Ja;107
Karlstads stift;Melleruds församling;Ja;59
Karlstads stift;Nordmarkens pastorat;Ja;59
Karlstads stift;Nor-Segerstads församling;Ja;14
Karlstads stift;Steneby församling;Ja;21
Karlstads stift;Storfors församling;Ja;22
Karlstads stift;Sunne pastorat;Ja;67
Karlstads stift;Säffle pastorat;Ja;107
Karlstads stift;Åmåls församling;Ja;40
Karlstads stift;Övre Älvdals församling;Ja;28
Karlstads stift;Arvika pastorat;Nej;61
Karlstads stift;Brålandabygdens församling;Nej;13
Karlstads stift;Dals-Eds församling;Nej;15
Karlstads stift;Eda-Köla pastorat;Nej;23
Karlstads stift;Ekshärads församling;Nej;10
Karlstads stift;Filipstads församling;Nej;33
Karlstads stift;Fryksände pastorat;Nej;30
Karlstads stift;Frändefors församling;Nej;13
Karlstads stift;Grums pastorat;Nej;32
Karlstads stift;Kils pastorat;Nej;28
Karlstads stift;Lysviks församling;Nej;5
Karlstads stift;Södra Bergslagens pastorat;Nej;109
Karlstads stift;Ärtemarks pastorat;Nej;18
Linköpings stift;Linköpings stift;Ja;139
Linköpings stift;Vimmerby pastorat;Ja;60
Linköpings stift;Vist/Vårdnäs pastorat;Ja;32
Linköpings stift;Åkerbo församling;Ja;78
Linköpings stift;Östra Ryds församling;Ja;14
Linköpings stift;Aneby pastorat;Nej;25
Linköpings stift;Aspelands pastorat;Nej;52
Linköpings stift;Borensbergs pastorat;Nej;79
Linköpings stift;Finspångs församling;Nej;76
Linköpings stift;Folkungabygdens pastorat;Nej;176
Linköpings stift;Kinda pastorat;Nej;42
Linköpings stift;Kärna församling;Nej;21
Linköpings stift;Linköpings domkyrkopastorat;Nej;240
Linköpings stift;Motala församling;Nej;72
Linköpings stift;Norra Tjusts pastorat;Nej;25
Linköpings stift;Norrköpings pastorat;Nej;284
Linköpings stift;Rimforsa församling;Nej;28
Linköpings stift;Slaka-Nykils pastorat;Nej;42
Linköpings stift;Söderköping S:t Anna församling;Nej;89
Linköpings stift;Södra Tjusts pastorat;Nej;141
Linköpings stift;Södra Vedbo pastorat;Nej;83
Linköpings stift;Södra Vi-Djursdala församling;Nej;9
Linköpings stift;Tranås pastorat;Nej;52
Linköpings stift;Vadstena pastorat;Nej;71
Linköpings stift;Valdemarsviks-Ringarums pastorat;Nej;26
Linköpings stift;Vikingstads församling;Nej;25
Linköpings stift;Vreta klosters församling;Nej;31
Linköpings stift;Västra Vikbolandets församling;Nej;16
Linköpings stift;Ydre pastorat;Nej;19
Linköpings stift;Åtvids församling;Nej;45
Linköpings stift;Östra Vikbolandets pastorat;Nej;24
Luleå stift;Arjeplog-Arvidsjaurs pastorat;Ja;29
Luleå stift;Bodens pastorat;Ja;76
Luleå stift;Bureå församling;Ja;19
Luleå stift;Burträsk-Lövångers pastorat;Ja;35
Luleå stift;Bygdeå församling;Ja;32
Luleå stift;Holmsunds församling;Ja;32
Luleå stift;Hortlax församling;Ja;30
Luleå stift;Hörnefors församling;Ja;26
Luleå stift;Kiruna pastorat;Ja;56
Luleå stift;Luleå domkyrkoförsamling;Ja;90
Luleå stift;Luleå stift;Ja;74
Luleå stift;Nederluleå församling;Ja;76
Luleå stift;Nordmalings församling;Ja;29
Luleå stift;Norrfjärdens församling;Ja;24
Luleå stift;Norsjö församling;Ja;12
Luleå stift;Pajala församling;Ja;25
Luleå stift;Piteå församling;Ja;131
Luleå stift;Råneå församling;Ja;12
Luleå stift;Sävar-Holmöns församling;Ja;89
Luleå stift;Södra Lapplands pastorat;Ja;97
Luleå stift;Tärna församling;Ja;8
Luleå stift;Umeå pastorat;Ja;300
Luleå stift;Vindelns församling;Ja;37
Luleå stift;Vännäs-Bjurholms pastorat;Ja;47
Luleå stift;Älvsby församling;Ja;16
Luleå stift;Övertorneå församling;Ja;11
Luleå stift;Gällivare församling;Nej;31
Luleå stift;Haparanda församling;Nej;18
Luleå stift;Jokkmokks församling;Nej;14
Luleå stift;Kalix församling;Nej;43
Luleå stift;Malå-Sorsele pastorat;Nej;24
Luleå stift;Skellefteå pastorat;Nej;118
Luleå stift;Skellefteå S:t Örjans församling;Nej;19
Luleå stift;Överkalix församling;Nej;8
Lunds stift;Allerums pastorat;Ja;48
Lunds stift;Asarum-Ringamåla församling;Ja;28
Lunds stift;Brunnby församling;Ja;12
Lunds stift;Brösarp-Tranås församling;Ja;14
Lunds stift;Båstad-Östra Karups församling;Ja;21
Lunds stift;Dalby församling;Ja;22
Lunds stift;Förslöv-Grevie församling;Ja;18
Lunds stift;Hjärnarp-Tåstarps församling;Ja;24
Lunds stift;Häljarps församling;Ja;20
Lunds stift;Höörs församling;Ja;42
Lunds stift;Karlskrona-Aspö församling;Ja;122
Lunds stift;Kropps församling;Ja;33
Lunds stift;Kvidinge församling;Ja;14
Lunds stift;Kävlinge församling;Ja;73
Lunds stift;Lackalänga-Stävie församling;Ja;14
Lunds stift;Landskrona församling;Ja;105
Lunds stift;Lunds pastorat;Ja;402
Lunds stift;Lunds stift;Ja;106
Lunds stift;Löddebygdens församling;Ja;26
Lunds stift;Malmö pastorat;Ja;773
Lunds stift;Skivarps församling;Ja;15
Lunds stift;Trelleborgs församling;Ja;56
Lunds stift;Tyringe församling;Ja;39
Lunds stift;Ängelholms församling;Ja;119
Lunds stift;Anderslövs församling;Nej;19
Lunds stift;Araslövs församling;Nej;11
Lunds stift;Barkåkra församling;Nej;19
Lunds stift;Bjuvs församling;Nej;30
Lunds stift;Bjärnums pastorat;Nej;21
Lunds stift;Bjärreds församling;Nej;18
Lunds stift;Björnekulla-Västra Broby församling;Nej;26
Lunds stift;Blentarps församling;Nej;11
Lunds stift;Broby-Emmislövs församling;Nej;15
Lunds stift;Bromölla pastorat;Nej;24
Lunds stift;Burlövs församling;Nej;43
Lunds stift;Dalköpinge församling;Nej;5
Lunds stift;Degeberga-Everöds församling;Nej;16
Lunds stift;Dösjebro församling;Nej;13
Lunds stift;Eslövs pastorat;Nej;90
Lunds stift;Fjälkinge församling;Nej;23
Lunds stift;Fridlevstads församling;Nej;13
Lunds stift;Genarps församling;Nej;17
Lunds stift;Glimåkra-Hjärsås församling;Nej;14
Lunds stift;Gärsnäs församling;Nej;20
Lunds stift;Hammarlövs församling;Nej;14
Lunds stift;Helsingborgs pastorat;Nej;252
Lunds stift;Hässleholms församling;Nej;67
Lunds stift;Höganäs församling;Nej;23
Lunds stift;Hörby församling;Nej;45
Lunds stift;Jämjö pastorat;Nej;22
Lunds stift;Jämshögs församling;Nej;25
Lunds stift;Karlshamns församling;Nej;52
Lunds stift;Karlskrona Amiralitetsförsamling;Nej;14
Lunds stift;Kiviks församling;Nej;14
Lunds stift;Klippans pastorat;Nej;59
Lunds stift;Knislinge pastorat;Nej;22
Lunds stift;Kristianstads pastorat;Nej;56
Lunds stift;Kulla pastorat;Nej;33
Lunds stift;Kvistofta församling;Nej;32
Lunds stift;Kyrkhults församling;Nej;10
Lunds stift;Källstorps församling;Nej;30
Lunds stift;Kågeröd-Röstånga församling;Nej;19
Lunds stift;Ljunits församling;Nej;16
Lunds stift;Lomma församling;Nej;25
Lunds stift;Lyckå församling;Nej;33
Lunds stift;Löderups församling;Nej;6
Lunds stift;Lövestads församling;Nej;5
Lunds stift;Mjällby församling;Nej;10
Lunds stift;Munka Ljungby församling;Nej;16
Lunds stift;Mörrum-Elleholms församling;Nej;13
Lunds stift;Nosaby församling;Nej;11
Lunds stift;Näsets pastorat;Nej;47
Lunds stift;Nättraby-Hasslö församling;Nej;16
Lunds stift;Oppmanna-Vånga församling;Nej;10
Lunds stift;Osby pastorat;Nej;61
Lunds stift;Perstorps församling;Nej;18
Lunds stift;Ringsjö församling;Nej;15
Lunds stift;Ronneby pastorat;Nej;96
Lunds stift;Rödeby församling;Nej;11
Lunds stift;S:t Staffans församling;Nej;43
Lunds stift;Simrishamns församling;Nej;36
Lunds stift;Sjöbo församling;Nej;15
Lunds stift;Skurups församling;Nej;24
Lunds stift;Smedstorps församling;Nej;9
Lunds stift;Stora Köpinge församling;Nej;9
Lunds stift;Strövelstorps församling;Nej;18
Lunds stift;Svalövsbygdens pastorat;Nej;28
Lunds stift;Svedala församling;Nej;31
Lunds stift;Södra Sandby församling;Nej;16
Lunds stift;Sölvesborgs församling;Nej;22
Lunds stift;Sösdala församling;Nej;11
Lunds stift;Tollarps församling;Nej;20
Lunds stift;Tomelillabygdens församling;Nej;33
Lunds stift;Uppåkra församling;Nej;21
Lunds stift;Veberöds församling;Nej;17
Lunds stift;Vellinge-Månstorps församling;Nej;21
Lunds stift;Villie församling;Nej;10
Lunds stift;Vinslövs församling;Nej;14
Lunds stift;Vittsjö-Verums pastorat;Nej;19
Lunds stift;Vollsjö församling;Nej;9
Lunds stift;Vä-Skepparslövs pastorat;Nej;29
Lunds stift;Värby församling;Nej;13
Lunds stift;Västra Bjäre pastorat;Nej;19
Lunds stift;Ystad-Sövestads församling;Nej;50
Lunds stift;Åhus församling;Nej;25
Lunds stift;Örkelljunga pastorat;Nej;39
Lunds stift;Örkeneds församling;Nej;13
Skara stift;Amnehärad-Lyrestads pastorat;Ja;15
Skara stift;Borås församling;Ja;216
Skara stift;Falköpings pastorat;Ja;51
Skara stift;Floby pastorat;Ja;33
Skara stift;Fristads församling;Ja;38
Skara stift;Grästorps pastorat;Ja;37
Skara stift;Hjo pastorat;Ja;33
Skara stift;Kinnarumma pastorat;Ja;16
Skara stift;Mullsjö-Sandhems församling;Ja;33
Skara stift;Norra Billings pastorat;Ja;36
Skara stift;Rommele församling;Ja;18
Skara stift;Sandhult-Bredareds församling;Ja;37
Skara stift;Skara pastorat;Ja;75
Skara stift;Skara stift;Ja;116
Skara stift;Skövde pastorat;Ja;146
Skara stift;Stenstorps pastorat;Ja;26
Skara stift;Tibro pastorat;Ja;32
Skara stift;Toarps församling;Ja;35
Skara stift;Trollhättans församling;Ja;126
Skara stift;Ulricehamns pastorat;Ja;101
Skara stift;Varabygdens församling;Ja;81
Skara stift;Västra Tunhems pastorat;Ja;61
Skara stift;Alingsås pastorat;Nej;99
Skara stift;Bjärke församling;Nej;23
Skara stift;Essunga pastorat;Nej;30
Skara stift;Götene pastorat;Nej;52
Skara stift;Habo pastorat;Nej;28
Skara stift;Herrljungabygdens församling;Nej;36
Skara stift;Karlsborgs pastorat;Nej;33
Skara stift;Lidköpings församling;Nej;45
Skara stift;Lugnås-Ullervads pastorat;Nej;20
Skara stift;Mariestads församling;Nej;37
Skara stift;Norra Mo församling;Nej;13
Skara stift;Sunnersbergs församling;Nej;28
Skara stift;Sävare församling;Nej;35
Skara stift;Södra Kållands pastorat;Nej;38
Skara stift;Tidaholms pastorat;Nej;119
Skara stift;Töreboda pastorat;Nej;45
Skara stift;Vänersborg och Väne-Ryrs församling;Nej;58
Skara stift;Värsås pastorat;Nej;11
Skara stift;Vårgårda pastorat;Nej;44
Stockholms stift;Adolf Fredriks församling;Ja;24
Stockholms stift;Boo församling;Ja;75
Stockholms stift;Botkyrka församling;Ja;90
Stockholms stift;Danderyds församling;Ja;140
Stockholms stift;Djurö, Möja och Nämdö församling;Ja;15
Stockholms stift;Ekerö pastorat;Ja;93
Stockholms stift;Enskede-Årsta församling;Ja;87
Stockholms stift;Finska församlingen;Ja;21
Stockholms stift;Haninge pastorat;Ja;143
Stockholms stift;Hässelby församling;Ja;24
Stockholms stift;Högalids församling;Ja;32
Stockholms stift;Maria Magdalena församling;Ja;41
Stockholms stift;S:t Johannes församling;Ja;17
Stockholms stift;S:t Matteus församling;Ja;41
Stockholms stift;Sollentuna församling;Ja;231
Stockholms stift;Stockholms stift;Ja;110
Stockholms stift;Täby församling;Ja;170
Stockholms stift;Upplands Väsby pastorat;Ja;71
Stockholms stift;Vallentuna församling;Ja;129
Stockholms stift;Vällingby församling;Ja;29
Stockholms stift;Västerleds församling;Ja;29
Stockholms stift;Västermalms församling;Ja;94
Stockholms stift;Bromma församling;Nej;41
Stockholms stift;Brännkyrka församling;Nej;57
Stockholms stift;Engelbrekts församling;Nej;25
Stockholms stift;Farsta församling;Nej;79
Stockholms stift;Färingsö församling;Nej;27
Stockholms stift;Gustav Vasa församling;Nej;28
Stockholms stift;Gustavsberg-Ingarö församling;Nej;48
Stockholms stift;Hedvig Eleonora och Oscars församling;Nej;116
Stockholms stift;Hovförsamlingen;Nej;3
Stockholms stift;Huddinge pastorat;Nej;213
Stockholms stift;Hägerstens församling;Nej;75
Stockholms stift;Järfälla församling;Nej;125
Stockholms stift;Katarina församling;Nej;78
Stockholms stift;Lidingö församling;Nej;66
Stockholms stift;Nacka församling;Nej;80
Stockholms stift;Saltsjöbadens församling;Nej;27
Stockholms stift;Skarpnäcks församling;Nej;64
Stockholms stift;Skärholmens församling;Nej;36
Stockholms stift;Sofia församling;Nej;37
Stockholms stift;Solna församling;Nej;84
Stockholms stift;Spånga-Kista församling;Nej;55
Stockholms stift;Stockholms domkyrkoförsamling;Nej;48
Stockholms stift;Sundbybergs församling;Nej;46
Stockholms stift;Tyresö församling;Nej;61
Stockholms stift;Tyska S:ta Gertruds församling;Nej;15
Stockholms stift;Vantörs församling;Nej;32
Stockholms stift;Vaxholms församling;Nej;38
Stockholms stift;Värmdö församling;Nej;35
Stockholms stift;Össeby församling;Nej;16
Stockholms stift;Österåkers pastorat;Nej;109
Strängnäs stift;Bodarne pastorat;Ja;28
Strängnäs stift;Eskilstuna pastorat;Ja;335
Strängnäs stift;Flen, Helgesta-Hyltinge församling;Ja;29
Strängnäs stift;Grödinge församling;Ja;9
Strängnäs stift;Hallsbergs församling;Ja;22
Strängnäs stift;Hovsta pastorat;Ja;39
Strängnäs stift;Hölö-Mörkö församling;Ja;13
Strängnäs stift;Järna-Vårdinge pastorat;Ja;35
Strängnäs stift;Kafjärdens församling;Ja;27
Strängnäs stift;Katrineholmsbygdens församling;Ja;80
Strängnäs stift;Kvismare församling;Ja;18
Strängnäs stift;Mellösa församling;Ja;8
Strängnäs stift;Salems församling;Ja;30
Strängnäs stift;Sorunda församling;Ja;14
Strängnäs stift;Stallarholmens församling;Ja;7
Strängnäs stift;Stenkvista-Ärla församling;Ja;9
Strängnäs stift;Strängnäs stift;Ja;121
Strängnäs stift;Södertälje pastorat;Ja;196
Strängnäs stift;Trosa församling;Ja;28
Strängnäs stift;Västra Vingåkers och Österåkers pastorat;Ja;17
Strängnäs stift;Åker-Länna församling;Ja;21
Strängnäs stift;Asker-Lännäs församling;Nej;15
Strängnäs stift;Askersunds pastorat;Nej;43
Strängnäs stift;Bettna församling;Nej;8
Strängnäs stift;Björkviks församling;Nej;5
Strängnäs stift;Daga församling;Nej;14
Strängnäs stift;Dunker-Lilla Malma församling;Nej;17
Strängnäs stift;Frustuna församling;Nej;32
Strängnäs stift;Husby-Rekarne o Näshulta pastorat;Nej;34
Strängnäs stift;Hällby församling med Tumbo och Råby-Rekarne;Nej;18
Strängnäs stift;Kiladalens församling;Nej;32
Strängnäs stift;Knista församling;Nej;34
Strängnäs stift;Kumla pastorat;Nej;48
Strängnäs stift;Mariefreds församling;Nej;22
Strängnäs stift;Nyköpings församling;Nej;149
Strängnäs stift;Nynäshamns församling;Nej;28
Strängnäs stift;Oxelösunds församling;Nej;45
Strängnäs stift;Rönö församling;Nej;11
Strängnäs stift;Sköllersta församling;Nej;20
Strängnäs stift;Stigtomta-Vrena församling;Nej;26
Strängnäs stift;Strängnäs domkyrkoförsamling med Aspö;Nej;60
Strängnäs stift;Torshälla församling;Nej;18
Strängnäs stift;Tunabergs församling;Nej;9
Strängnäs stift;Turinge-Taxinge församling;Nej;46
Strängnäs stift;Tysslinge församling;Nej;19
Strängnäs stift;Tystbergabygdens församling;Nej;8
Strängnäs stift;Viby församling;Nej;15
Strängnäs stift;Vårfruberga-Härads församling;Nej;4
Strängnäs stift;Örebro pastorat;Nej;307
Strängnäs stift;Ösmo-Torö församling;Nej;15
Trossamfundet Svenska kyrkan;Trossamfundet Svenska kyrkan;Ja;954
Uppsala stift;Alunda församling;Ja;16
Uppsala stift;Danmark-Funbo församling;Ja;45
Uppsala stift;Gävle församling;Ja;148
Uppsala stift;Håbo pastorat;Ja;56
Uppsala stift;Knivsta pastorat;Ja;84
Uppsala stift;Kungsängen-Västra Ryds församling;Ja;28
Uppsala stift;Ockelbo församling;Ja;18
Uppsala stift;Roslagens norra pastorat;Ja;57
Uppsala stift;Roslagens östra pastorat;Ja;120
Uppsala stift;Sandvikens pastorat;Ja;82
Uppsala stift;Tierps pastorat;Ja;44
Uppsala stift;Tierp-Söderfors församling;Ja;17
Uppsala stift;Uppsala stift;Ja;125
Uppsala stift;Vattholma pastorat;Ja;33
Uppsala stift;Älvkarleby-Skutskärs församling;Ja;27
Uppsala stift;Alfta-Ovanåkers församling;Nej;38
Uppsala stift;Almunge pastorat;Nej;18
Uppsala stift;Balingsta pastorat;Nej;18
Uppsala stift;Bergsjö församling;Nej;11
Uppsala stift;Björklinge-Skuttunge-Viksta pastorat;Nej;21
Uppsala stift;Bollnäs pastorat;Nej;139
Uppsala stift;Bro församling;Nej;29
Uppsala stift;Bälingebygdens församling;Nej;38
Uppsala stift;Dannemorabygdens församling;Nej;16
Uppsala stift;Dellenbygdens pastorat;Nej;14
Uppsala stift;Enköpings pastorat;Nej;145
Uppsala stift;Enånger-Njutångers församling;Nej;17
Uppsala stift;Forsa-Högs församling;Nej;6
Uppsala stift;Gimo pastorat;Nej;11
Uppsala stift;Gästrikekustens pastorat;Nej;33
Uppsala stift;Hofors församling;Nej;18
Uppsala stift;Hudiksvallsbygdens församling;Nej;62
Uppsala stift;Lagunda församling;Nej;19
Uppsala stift;Ljusnans pastorat;Nej;50
Uppsala stift;Märsta pastorat;Nej;54
Uppsala stift;Nora församling;Nej;9
Uppsala stift;Nordanstigskustens församling;Nej;20
Uppsala stift;Norra Hagunda församling;Nej;34
Uppsala stift;Norrala-Trönö församling;Nej;8
Uppsala stift;Ovansjö-Järbo församling;Nej;23
Uppsala stift;Rasbo pastorat;Nej;16
Uppsala stift;Roslagens västra pastorat;Nej;52
Uppsala stift;Sigtuna församling;Nej;27
Uppsala stift;Söderala pastorat;Nej;20
Uppsala stift;Söderhamn-Sandarne församling;Nej;27
Uppsala stift;Torsåkers församling;Nej;10
Uppsala stift;Uppsala pastorat;Nej;349
Uppsala stift;Valbo-Hedesunda pastorat;Nej;34
Uppsala stift;Vendel-Tegelsmora församling;Nej;20
Uppsala stift;Vittinge församling;Nej;8
Uppsala stift;Västerlövsta pastorat;Nej;24
Uppsala stift;Östervåla-Harbo pastorat;Nej;17
Visby stift;Burs pastorat;Ja;7
Visby stift;Fardhem-Garde pastorat;Ja;9
Visby stift;Klinte pastorat;Ja;22
Visby stift;Norra Gotlands pastorat;Ja;52
Visby stift;Romaklosters pastorat;Ja;30
Visby stift;Stenkumla församling;Ja;10
Visby stift;Sudrets pastorat;Ja;22
Visby stift;Visby domkyrkoförsamling;Ja;98
Visby stift;Visby stift;Ja;47
Visby stift;Eskelhems pastorat;Nej;8
Västerås stift;Falu pastorat;Ja;104
Västerås stift;Stora Tuna och Torsångs pastorat;Ja;85
Västerås stift;Arbogabygdens församling;Nej;68
Västerås stift;Avesta-Grytnäs församling;Nej;28
Västerås stift;Bjursås församling;Nej;9
Västerås stift;By-Folkärna pastorat;Nej;36
Västerås stift;Bärke pastorat;Nej;56
Västerås stift;Gagnefs pastorat;Nej;33
Västerås stift;Gränge-Säfsnäs församling;Nej;18
Västerås stift;Hallstahammar-Kolbäcks församling;Nej;37
Västerås stift;Hedemora, Husby och Garpenbergs församling;Nej;62
Västerås stift;Idre-Särna församling;Nej;24
Västerås stift;Järna med Nås och Äppelbo församling;Nej;21
Västerås stift;Kumla, Tärna och Kila församling;Nej;10
Västerås stift;Kungsörs församling;Nej;17
Västerås stift;Köpings pastorat;Nej;45
Västerås stift;Leksands pastorat;Nej;43
Västerås stift;Lima-Transtrands församling;Nej;19
Västerås stift;Linde-Ljusnarsbergs pastorat;Nej;91
Västerås stift;Ludvika församling;Nej;44
Västerås stift;Malungs församling;Nej;21
Västerås stift;Mora församling;Nej;45
Västerås stift;Noraskogs pastorat;Nej;54
Västerås stift;Norberg-Karbennings församling;Nej;16
Västerås stift;Orsa församling;Nej;22
Västerås stift;Rättviks pastorat;Nej;29
Västerås stift;Sala-Norrby-Möklinta pastorat;Nej;40
Västerås stift;Skinnskatteberg med Hed och Gunnilbo församling;Nej;16
Västerås stift;Sura-Ramnäs församling;Nej;19
Västerås stift;Svärdsjö, Envikens och Sundborns pastorat;Nej;31
Västerås stift;Säterbygdens församling;Nej;31
Västerås stift;Västanfors-Västervåla församling;Nej;36
Västerås stift;Västerfärnebo-Fläckebo församling;Nej;18
Västerås stift;Västerås pastorat;Nej;242
Västerås stift;Västerås stift;Nej;175
Västerås stift;Älvdalens församling;Nej;27
Växjö stift;Berga pastorat;Ja;18
Växjö stift;Bredaryds pastorat;Ja;18
Växjö stift;Byarums pastorat;Ja;25
Växjö stift;Emmaboda pastorat;Ja;27
Växjö stift;Forshedabygdens församling;Ja;23
Växjö stift;Förlösa-Kläckeberga församling;Ja;24
Växjö stift;Gislaveds pastorat;Ja;98
Växjö stift;Gnosjö pastorat;Ja;28
Växjö stift;Gränna-Visingsö pastorat;Ja;43
Växjö stift;Hyltebruks pastorat;Ja;36
Växjö stift;Jönköpings församling;Ja;182
Växjö stift;Kalmar pastorat;Ja;112
Växjö stift;Lessebo församling;Ja;24
Växjö stift;Ljungby pastorat;Ja;70
Växjö stift;Norra Ölands pastorat;Ja;52
Växjö stift;Norrahammars församling;Ja;19
Växjö stift;Nybro pastorat;Ja;51
Växjö stift;Oskarshamns församling;Ja;77
Växjö stift;Rogberga-Öggestorps församling;Ja;17
Växjö stift;Ryssby pastorat;Ja;16
Växjö stift;Ryssby-Åby pastorat;Ja;20
Växjö stift;Skatelövs pastorat;Ja;16
Växjö stift;Skillingaryds församling;Ja;19
Växjö stift;Skärstad-Ölmstads församling;Ja;16
Växjö stift;Stenbrohults församling;Ja;8
Växjö stift;Sävsjö pastorat;Ja;41
Växjö stift;Södermöre pastorat;Ja;80
Växjö stift;Södra Ljunga församling;Ja;15
Växjö stift;Tingsryds pastorat;Ja;46
Växjö stift;Torsås pastorat;Ja;27
Växjö stift;Uppvidinge pastorat;Ja;29
Växjö stift;Vetlanda pastorat;Ja;133
Växjö stift;Virestad-Härlunda församling;Ja;11
Växjö stift;Växjö pastorat;Ja;237
Växjö stift;Växjö stift;Ja;123
Växjö stift;Älmhults församling;Ja;26
Växjö stift;Alvesta församling;Nej;24
Växjö stift;Bankeryds församling;Nej;24
Växjö stift;Barnarp-Ödestugu församling;Nej;13
Växjö stift;Döderhults församling;Nej;41
Växjö stift;Dörby-Hossmo pastorat;Nej;10
Växjö stift;Göteryds pastorat;Nej;15
Växjö stift;Huskvarna pastorat;Nej;108
Växjö stift;Högsby pastorat;Nej;14
Växjö stift;Lekeryds församling;Nej;13
Växjö stift;Markaryds församling;Nej;14
Växjö stift;Moheda pastorat;Nej;13
Växjö stift;Månsarps församling;Nej;19
Växjö stift;Mönsterås-Fliseryds pastorat;Nej;53
Växjö stift;Nässjö pastorat;Nej;59
Växjö stift;Rydaholms församling;Nej;11
Växjö stift;Södra Ölands pastorat;Nej;71
Växjö stift;Traryd-Hinneryds pastorat;Nej;10
Växjö stift;Vislanda-Blädinge församling;Nej;13
Växjö stift;Voxtorps pastorat;Nej;15
Växjö stift;Värnamo församling;Nej;42
Växjö stift;Ålems församling;Nej;13
