Adolf Fredriks församling;Stockholms stift
Alfta-Ovanåkers församling;Uppsala stift
Alingsås pastorat;Skara stift
Allerums pastorat;Lunds stift
Almunge pastorat;Uppsala stift
Alunda församling;Uppsala stift
Alvesta församling;Växjö stift
Amnehärad-Lyrestads pastorat;Skara stift
Anderslövs församling;Lunds stift
Aneby pastorat;Linköpings stift
Araslövs församling;Lunds stift
Arbogabygdens församling;Västerås stift
Arjeplog-Arvidsjaurs pastorat;Luleå stift
Arvika pastorat;Karlstads stift
Asarum-Ringamåla församling;Lunds stift
Asker-Lännäs församling;Strängnäs stift
Askersunds pastorat;Strängnäs stift
Askims församling;Göteborgs stift
Aspelands pastorat;Linköpings stift
Avesta-Grytnäs församling;Västerås stift
Backa pastorat;Göteborgs stift
Balingsta pastorat;Uppsala stift
Bankeryds församling;Växjö stift
Barkåkra församling;Lunds stift
Barnarp-Ödestugu församling;Växjö stift
Berga pastorat;Växjö stift
Bergsjö församling;Uppsala stift
Bettna församling;Strängnäs stift
Bjursås församling;Västerås stift
Bjuvs församling;Lunds stift
Bjärke församling;Skara stift
Bjärnums pastorat;Lunds stift
Bjärreds församling;Lunds stift
Björketorps församling;Göteborgs stift
Björklinge-Skuttunge-Viksta pastorat;Uppsala stift
Björkviks församling;Strängnäs stift
Björnekulla-Västra Broby församling;Lunds stift
Blentarps församling;Lunds stift
Bodarne pastorat;Strängnäs stift
Bodens pastorat;Luleå stift
Bokenäsets församling;Göteborgs stift
Bollebygds pastorat;Göteborgs stift
Bollnäs pastorat;Uppsala stift
Boo församling;Stockholms stift
Borensbergs pastorat;Linköpings stift
Borås församling;Skara stift
Botkyrka församling;Stockholms stift
Bredaryds pastorat;Växjö stift
Bro församling;Uppsala stift
Broby-Emmislövs församling;Lunds stift
Bromma församling;Stockholms stift
Bromölla pastorat;Lunds stift
Brunnby församling;Lunds stift
Brännkyrka församling;Stockholms stift
Brålandabygdens församling;Karlstads stift
Brösarp-Tranås församling;Lunds stift
Bureå församling;Luleå stift
Burlövs församling;Lunds stift
Burs pastorat;Visby stift
Burträsk-Lövångers pastorat;Luleå stift
By-Folkärna pastorat;Västerås stift
Byarums pastorat;Växjö stift
Bygdeå församling;Luleå stift
Bälingebygdens församling;Uppsala stift
Bärke pastorat;Västerås stift
Båstad-Östra Karups församling;Lunds stift
Carl Johans pastorat;Göteborgs stift
Daga församling;Strängnäs stift
Dalby församling;Lunds stift
Dalköpinge församling;Lunds stift
Dals-Eds församling;Karlstads stift
Danderyds församling;Stockholms stift
Danmark-Funbo församling;Uppsala stift
Dannemorabygdens församling;Uppsala stift
Degeberga-Everöds församling;Lunds stift
Dellenbygdens pastorat;Uppsala stift
Djurö, Möja och Nämdö församling;Stockholms stift
Domkyrkopastoratet;Göteborgs stift
Dunker-Lilla Malma församling;Strängnäs stift
Döderhults församling;Växjö stift
Dörby-Hossmo pastorat;Växjö stift
Dösjebro församling;Lunds stift
Eda-Köla pastorat;Karlstads stift
Ekerö pastorat;Stockholms stift
Ekshärads församling;Karlstads stift
Emmaboda pastorat;Växjö stift
Engelbrekts församling;Stockholms stift
Enköpings pastorat;Uppsala stift
Enskede-Årsta församling;Stockholms stift
Enånger-Njutångers församling;Uppsala stift
Eskelhems pastorat;Visby stift
Eskilstuna pastorat;Strängnäs stift
Eslövs pastorat;Lunds stift
Essunga pastorat;Skara stift
Falkenbergs pastorat;Göteborgs stift
Falköpings pastorat;Skara stift
Falu pastorat;Västerås stift
Fardhem-Garde pastorat;Visby stift
Farsta församling;Stockholms stift
Filipstads församling;Karlstads stift
Finska församlingen;Stockholms stift
Finspångs församling;Linköpings stift
Fjälkinge församling;Lunds stift
Fjärås-Förlanda församling;Göteborgs stift
Flen, Helgesta-Hyltinge församling;Strängnäs stift
Floby pastorat;Skara stift
Folkungabygdens pastorat;Linköpings stift
Forsa-Högs församling;Uppsala stift
Forshaga-Munkfors församling;Karlstads stift
Forshedabygdens församling;Växjö stift
Fridlevstads församling;Lunds stift
Fristads församling;Skara stift
Frustuna församling;Strängnäs stift
Fryksände pastorat;Karlstads stift
Frändefors församling;Karlstads stift
Frösö, Sunne och Norderö församling;Härnösands stift
Färgelanda-Högsäters församling;Karlstads stift
Färingsö församling;Stockholms stift
Förlösa-Kläckeberga församling;Växjö stift
Förslöv-Grevie församling;Lunds stift
Gagnefs pastorat;Västerås stift
Genarps församling;Lunds stift
Getinge-Oskarströms pastorat;Göteborgs stift
Gimo pastorat;Uppsala stift
Gislaveds pastorat;Växjö stift
Glimåkra-Hjärsås församling;Lunds stift
Gnosjö pastorat;Växjö stift
Grava församling;Karlstads stift
Grums pastorat;Karlstads stift
Gränge-Säfsnäs församling;Västerås stift
Gränna-Visingsö pastorat;Växjö stift
Grästorps pastorat;Skara stift
Grödinge församling;Strängnäs stift
Gustav Vasa församling;Stockholms stift
Gustavsberg-Ingarö församling;Stockholms stift
Gällivare församling;Luleå stift
Gärsnäs församling;Lunds stift
Gästrikekustens pastorat;Uppsala stift
Gävle församling;Uppsala stift
Göteborgs begravningssamfällighet;Göteborgs stift
Göteborgs stift;Göteborgs stift
Götene pastorat;Skara stift
Göteryds pastorat;Växjö stift
Habo pastorat;Skara stift
Hagfors pastorat;Karlstads stift
Hallsbergs församling;Strängnäs stift
Hallstahammar-Kolbäcks församling;Västerås stift
Halmstads församling;Göteborgs stift
Hammarlövs församling;Lunds stift
Hammarö församling;Karlstads stift
Haninge pastorat;Stockholms stift
Haparanda församling;Luleå stift
Harplinge-Steninge församling;Göteborgs stift
Hedemora, Husby och Garpenbergs församling;Västerås stift
Hedvig Eleonora och Oscars församling;Stockholms stift
Helsingborgs pastorat;Lunds stift
Herrestads församling;Göteborgs stift
Herrljungabygdens församling;Skara stift
Himledalens församling;Göteborgs stift
Hjo pastorat;Skara stift
Hjärnarp-Tåstarps församling;Lunds stift
Hofors församling;Uppsala stift
Holmsunds församling;Luleå stift
Hortlax församling;Luleå stift
Hovförsamlingen;Stockholms stift
Hovsta pastorat;Strängnäs stift
Huddinge pastorat;Stockholms stift
Hudiksvallsbygdens församling;Uppsala stift
Husby-Rekarne o Näshulta pastorat;Strängnäs stift
Huskvarna pastorat;Växjö stift
Hyltebruks pastorat;Växjö stift
Hägerstens församling;Stockholms stift
Häggenås-Lit-Kyrkås församling;Härnösands stift
Häljarps församling;Lunds stift
Hällby församling med Tumbo och Råby-Rekarne;Strängnäs stift
Härjedalens pastorat;Härnösands stift
Härnösands pastorat;Härnösands stift
Härnösands stift;Härnösands stift
Hässelby församling;Stockholms stift
Hässjö-Ljustorp-Tynderö pastorat;Härnösands stift
Hässleholms församling;Lunds stift
Håbo pastorat;Uppsala stift
Högalids församling;Stockholms stift
Höganäs församling;Lunds stift
Högsby pastorat;Växjö stift
Höks pastorat;Göteborgs stift
Hölö-Mörkö församling;Strängnäs stift
Hörby församling;Lunds stift
Hörnefors församling;Luleå stift
Höörs församling;Lunds stift
Idre-Särna församling;Västerås stift
Indalens pastorat;Härnösands stift
Istorps pastorat;Göteborgs stift
Jokkmokks församling;Luleå stift
Jämjö pastorat;Lunds stift
Jämshögs församling;Lunds stift
Järfälla församling;Stockholms stift
Järna med Nås och Äppelbo församling;Västerås stift
Järna-Vårdinge pastorat;Strängnäs stift
Jönköpings församling;Växjö stift
Kafjärdens församling;Strängnäs stift
Kalendertest externa leverantörer;Linköpings stift
Kalix församling;Luleå stift
Kalmar pastorat;Växjö stift
Karlsborgs pastorat;Skara stift
Karlshamns församling;Lunds stift
Karlskrona Amiralitetsförsamling;Lunds stift
Karlskrona-Aspö församling;Lunds stift
Karlstads pastorat;Karlstads stift
Karlstads stift;Karlstads stift
Katarina församling;Stockholms stift
Katrineholmsbygdens församling;Strängnäs stift
Kiladalens församling;Strängnäs stift
Kils pastorat;Karlstads stift
Kinda pastorat;Linköpings stift
Kinds pastorat;Göteborgs stift
Kinna-Fritsla församling;Göteborgs stift
Kinnarumma pastorat;Skara stift
Kiruna pastorat;Luleå stift
Kiviks församling;Lunds stift
Klinte pastorat;Visby stift
Klippans pastorat;Lunds stift
Knislinge pastorat;Lunds stift
Knista församling;Strängnäs stift
Knivsta pastorat;Uppsala stift
Kramfors pastorat;Härnösands stift
Kristianstads pastorat;Lunds stift
Kristinehamns församling;Karlstads stift
Krokoms pastorat;Härnösands stift
Kropps församling;Lunds stift
Kulla pastorat;Lunds stift
Kumla pastorat;Strängnäs stift
Kumla, Tärna och Kila församling;Västerås stift
Kungsbacka pastorat;Göteborgs stift
Kungsbacka-Hanhals församling;Göteborgs stift
Kungsängen-Västra Ryds församling;Uppsala stift
Kungsörs församling;Västerås stift
Kungälv-Ytterby församling;Göteborgs stift
Kvidinge församling;Lunds stift
Kvismare församling;Strängnäs stift
Kvistofta församling;Lunds stift
Kyrkhults församling;Lunds stift
Källstorps församling;Lunds stift
Kärna församling;Linköpings stift
Kävlinge församling;Lunds stift
Kågeröd-Röstånga församling;Lunds stift
Köpings pastorat;Västerås stift
Lackalänga-Stävie församling;Lunds stift
Lagunda församling;Uppsala stift
Laholms pastorat;Göteborgs stift
Landskrona församling;Lunds stift
Landvetter-Härryda pastorat;Göteborgs stift
Lekeryds församling;Växjö stift
Leksands pastorat;Västerås stift
Lerums församling;Göteborgs stift
Lessebo församling;Växjö stift
Lidingö församling;Stockholms stift
Lidköpings församling;Skara stift
Lilla Edets pastorat;Göteborgs stift
Lima-Transtrands församling;Västerås stift
Lindberga församling;Göteborgs stift
Linde-Ljusnarsbergs pastorat;Västerås stift
Lindome församling;Göteborgs stift
Linköpings domkyrkopastorat;Linköpings stift
Linköpings stift;Linköpings stift
Ljungby pastorat;Växjö stift
Ljungskile församling;Göteborgs stift
Ljunits församling;Lunds stift
Ljusnans pastorat;Uppsala stift
Lomma församling;Lunds stift
Ludvika församling;Västerås stift
Lugnås-Ullervads pastorat;Skara stift
Luleå domkyrkoförsamling;Luleå stift
Luleå stift;Luleå stift
Lundby församling;Göteborgs stift
Lunds pastorat;Lunds stift
Lunds stift;Lunds stift
Lyckå församling;Lunds stift
Lysekils pastorat;Göteborgs stift
Lysviks församling;Karlstads stift
Löddebygdens församling;Lunds stift
Löderups församling;Lunds stift
Löftadalens pastorat;Göteborgs stift
Lövestads församling;Lunds stift
Malmö pastorat;Lunds stift
Malungs församling;Västerås stift
Malå-Sorsele pastorat;Luleå stift
Maria Magdalena församling;Stockholms stift
Mariefreds församling;Strängnäs stift
Mariestads församling;Skara stift
Markaryds församling;Växjö stift
Marstrand-Torsby pastorat;Göteborgs stift
Medelpads norra pastorat;Härnösands stift
Medelpads södra pastorat;Härnösands stift
Melleruds församling;Karlstads stift
Mellösa församling;Strängnäs stift
Mjällby församling;Lunds stift
Moheda pastorat;Växjö stift
Mora församling;Västerås stift
Motala församling;Linköpings stift
Mullsjö-Sandhems församling;Skara stift
Munka Ljungby församling;Lunds stift
Munkedals församling;Göteborgs stift
Märsta pastorat;Uppsala stift
Månsarps församling;Växjö stift
Mölndals pastorat;Göteborgs stift
Mönsterås-Fliseryds pastorat;Växjö stift
Mörrum-Elleholms församling;Lunds stift
Nacka församling;Stockholms stift
Nederluleå församling;Luleå stift
Nor-Segerstads församling;Karlstads stift
Nora församling;Uppsala stift
Noraskogs pastorat;Västerås stift
Norberg-Karbennings församling;Västerås stift
Nordanstigskustens församling;Uppsala stift
Nordmalings församling;Luleå stift
Nordmarkens pastorat;Karlstads stift
Norra Billings pastorat;Skara stift
Norra Gotlands pastorat;Visby stift
Norra Hagunda församling;Uppsala stift
Norra Mo församling;Skara stift
Norra Tjusts pastorat;Linköpings stift
Norra Ölands pastorat;Växjö stift
Norrahammars församling;Växjö stift
Norrala-Trönö församling;Uppsala stift
Norrfjärdens församling;Luleå stift
Norrköpings pastorat;Linköpings stift
Norsjö församling;Luleå stift
Nosaby församling;Lunds stift
Nybro pastorat;Växjö stift
Nyköpings församling;Strängnäs stift
Nylöse pastorat;Göteborgs stift
Nynäshamns församling;Strängnäs stift
Näsets pastorat;Lunds stift
Nässjö pastorat;Växjö stift
Nättraby-Hasslö församling;Lunds stift
Nödinge församling;Göteborgs stift
Ockelbo församling;Uppsala stift
Onsala församling;Göteborgs stift
Oppmanna-Vånga församling;Lunds stift
Orsa församling;Västerås stift
Orusts pastorat;Göteborgs stift
Osby pastorat;Lunds stift
Oscars församling;Stockholms stift
Oskarshamns församling;Växjö stift
Ovansjö-Järbo församling;Uppsala stift
Ovansjö-Järbo pastorat;Uppsala stift
Oxelösunds församling;Strängnäs stift
Pajala församling;Luleå stift
Partille pastorat;Göteborgs stift
Perstorps församling;Lunds stift
Piteå församling;Luleå stift
Rasbo pastorat;Uppsala stift
Rimforsa församling;Linköpings stift
Ringsjö församling;Lunds stift
Rogberga-Öggestorps församling;Växjö stift
Romaklosters pastorat;Visby stift
Romelanda pastorat;Göteborgs stift
Rommele församling;Skara stift
Ronneby pastorat;Lunds stift
Roslagens norra pastorat;Uppsala stift
Roslagens västra pastorat;Uppsala stift
Roslagens östra pastorat;Uppsala stift
Rydaholms församling;Växjö stift
Ryssby pastorat;Växjö stift
Ryssby-Åby pastorat;Växjö stift
Rättviks pastorat;Västerås stift
Råda församling;Göteborgs stift
Rådmansö-Frötuna pastorat;Uppsala stift
Råneå församling;Luleå stift
Rödeby församling;Lunds stift
Rönö församling;Strängnäs stift
S:t Johannes församling;Stockholms stift
S:t Matteus församling;Stockholms stift
S:t Staffans församling;Lunds stift
Sala-Norrby-Möklinta pastorat;Västerås stift
Salems församling;Strängnäs stift
Saltsjöbadens församling;Stockholms stift
Samfälligheten Gotlands kyrkor;Visby stift
Sandhult-Bredareds församling;Skara stift
Sandvikens pastorat;Uppsala stift
Sigtuna församling;Uppsala stift
Simrishamns församling;Lunds stift
Sjöbo församling;Lunds stift
Skallsjö församling;Göteborgs stift
Skara pastorat;Skara stift
Skara stift;Skara stift
Skarpnäcks församling;Stockholms stift
Skatelövs pastorat;Växjö stift
Skellefteå pastorat;Luleå stift
Skellefteå S:t Örjans församling;Luleå stift
Skepplanda pastorat;Göteborgs stift
Skillingaryds församling;Växjö stift
Skinnskatteberg med Hed och Gunnilbo församling;Västerås stift
Skivarps församling;Lunds stift
Skurups församling;Lunds stift
Skärholmens församling;Stockholms stift
Skärstad-Ölmstads församling;Växjö stift
Sköllersta församling;Strängnäs stift
Skövde pastorat;Skara stift
Slaka-Nykils pastorat;Linköpings stift
Smedstorps församling;Lunds stift
Snöstorps församling;Göteborgs stift
Sofia församling;Stockholms stift
Solberga pastorat;Göteborgs stift
Sollefteå pastorat;Härnösands stift
Sollentuna församling;Stockholms stift
Solna församling;Stockholms stift
Sorunda församling;Strängnäs stift
Sotenäs pastorat;Göteborgs stift
Spekeröd-Ucklums församling;Göteborgs stift
Spånga-Kista församling;Stockholms stift
Stallarholmens församling;Strängnäs stift
Starrkärr-Kilanda församling;Göteborgs stift
Stenbrohults församling;Växjö stift
Steneby församling;Karlstads stift
Stenkumla församling;Visby stift
Stenkvista-Ärla församling;Strängnäs stift
Stenstorps pastorat;Skara stift
Stenungsunds pastorat;Göteborgs stift
Stigtomta-Vrena församling;Strängnäs stift
Stockholms domkyrkoförsamling;Stockholms stift
Stockholms stift;Stockholms stift
Stora Köpinge församling;Lunds stift
Stora Lundby-Östad pastorat;Göteborgs stift
Stora Tuna och Torsångs pastorat;Västerås stift
Storfors församling;Karlstads stift
Strängnäs domkyrkoförsamling med Aspö;Strängnäs stift
Strängnäs stift;Strängnäs stift
Strömstads pastorat;Göteborgs stift
Strömsunds pastorat;Härnösands stift
Strövelstorps församling;Lunds stift
Sudrets pastorat;Visby stift
Sundborns församling;Västerås stift
Sundbybergs församling;Stockholms stift
Sunne pastorat;Karlstads stift
Sunnersbergs församling;Skara stift
Sura-Ramnäs församling;Västerås stift
Svalövsbygdens pastorat;Lunds stift
Svedala församling;Lunds stift
Svärdsjö, Envikens och Sundborns pastorat;Västerås stift
Sydöstra Jämtlands pastorat;Härnösands stift
Säffle pastorat;Karlstads stift
Särö pastorat;Göteborgs stift
Säterbygdens församling;Västerås stift
Sätila pastorat;Göteborgs stift
Sävar-Holmöns församling;Luleå stift
Sävare församling;Skara stift
Sävsjö pastorat;Växjö stift
Söderala pastorat;Uppsala stift
Söderhamn-Sandarne församling;Uppsala stift
Söderköping S:t Anna församling;Linköpings stift
Södermöre pastorat;Växjö stift
Södertälje pastorat;Strängnäs stift
Södra Bergslagens pastorat;Karlstads stift
Södra Kållands pastorat;Skara stift
Södra Lapplands pastorat;Luleå stift
Södra Ljunga församling;Växjö stift
Södra Sandby församling;Lunds stift
Södra Tjusts pastorat;Linköpings stift
Södra Vedbo pastorat;Linköpings stift
Södra Vi-Djursdala församling;Linköpings stift
Södra Ölands pastorat;Växjö stift
Sölvesborgs församling;Lunds stift
Söndrum-Vapnö församling;Göteborgs stift
Sösdala församling;Lunds stift
Tanums pastorat;Göteborgs stift
Tibro pastorat;Skara stift
Tidaholms pastorat;Skara stift
Tierp-Söderfors församling;Uppsala stift
Tierps pastorat;Uppsala stift
Tingsryds pastorat;Växjö stift
Tjörns pastorat;Göteborgs stift
Toarps församling;Skara stift
Tollarps församling;Lunds stift
Tomelillabygdens församling;Lunds stift
Torestorps pastorat;Göteborgs stift
Torshälla församling;Strängnäs stift
Torslanda-Björlanda församling;Göteborgs stift
Torsåkers församling;Uppsala stift
Torsås pastorat;Växjö stift
Tranås pastorat;Linköpings stift
Traryd-Hinneryds pastorat;Växjö stift
Trelleborgs församling;Lunds stift
Trollhättans församling;Skara stift
Trosa församling;Strängnäs stift
Träslövs församling;Göteborgs stift
Tunabergs församling;Strängnäs stift
Turinge-Taxinge församling;Strängnäs stift
Tvååkers pastorat;Göteborgs stift
Tyresö församling;Stockholms stift
Tyringe församling;Lunds stift
Tyska S:ta Gertruds församling;Stockholms stift
Tysslinge församling;Strängnäs stift
Tystbergabygdens församling;Strängnäs stift
Täby församling;Stockholms stift
Tärna församling;Luleå stift
Tölö-Älvsåker pastorat;Göteborgs stift
Töreboda pastorat;Skara stift
Uddevalla pastorat;Göteborgs stift
Ulricehamns pastorat;Skara stift
Umeå pastorat;Luleå stift
Upplands Väsby pastorat;Stockholms stift
Uppsala pastorat;Uppsala stift
Uppsala stift;Uppsala stift
Uppvidinge pastorat;Växjö stift
Uppåkra församling;Lunds stift
Vadstena pastorat;Linköpings stift
Valbo-Hedesunda pastorat;Uppsala stift
Valdemarsviks-Ringarums pastorat;Linköpings stift
Vallentuna församling;Stockholms stift
Vantörs församling;Stockholms stift
Varabygdens församling;Skara stift
Varbergs församling;Göteborgs stift
Vattholma pastorat;Uppsala stift
Vaxholms församling;Stockholms stift
Veberöds församling;Lunds stift
Veddige-Kungsäters församling;Göteborgs stift
Vellinge-Månstorps församling;Lunds stift
Vendel-Tegelsmora församling;Uppsala stift
Vetlanda pastorat;Växjö stift
Viby församling;Strängnäs stift
Vikingstads församling;Linköpings stift
Villie församling;Lunds stift
Vimmerby pastorat;Linköpings stift
Vindelns församling;Luleå stift
Vinslövs församling;Lunds stift
Virestad-Härlunda församling;Växjö stift
Visby domkyrkoförsamling;Visby stift
Visby stift;Visby stift
Vislanda-Blädinge församling;Växjö stift
Vist/Vårdnäs pastorat;Linköpings stift
Vittinge församling;Uppsala stift
Vittsjö-Verums pastorat;Lunds stift
Vollsjö församling;Lunds stift
Voxtorps pastorat;Växjö stift
Vreta klosters församling;Linköpings stift
Vä-Skepparslövs pastorat;Lunds stift
Vällingby församling;Stockholms stift
Vänersborg och Väne-Ryrs församling;Skara stift
Vännäs-Bjurholms pastorat;Luleå stift
Värby församling;Lunds stift
Värmdö församling;Stockholms stift
Värnamo församling;Växjö stift
Värsås pastorat;Skara stift
Värö-Stråvalla församling;Göteborgs stift
Västanfors-Västervåla församling;Västerås stift
Västerfärnebo-Fläckebo församling;Västerås stift
Västerleds församling;Stockholms stift
Västerlövsta pastorat;Uppsala stift
Västermalms församling;Stockholms stift
Västerås pastorat;Västerås stift
Västerås stift;Västerås stift
Västra Bjäre pastorat;Lunds stift
Västra Frölunda pastorat;Göteborgs stift
Västra Marks församling;Göteborgs stift
Västra Tunhems pastorat;Skara stift
Västra Vikbolandets församling;Linköpings stift
Västra Vingåkers och Österåkers pastorat;Strängnäs stift
Växjö pastorat;Växjö stift
Växjö stift;Växjö stift
Vårfruberga-Härads församling;Strängnäs stift
Vårgårda pastorat;Skara stift
Ydre pastorat;Linköpings stift
Ystad-Sövestads församling;Lunds stift
Älmhults församling;Växjö stift
Älvdalens församling;Västerås stift
Älvkarleby-Skutskärs församling;Uppsala stift
Älvsby församling;Luleå stift
Ängelholms församling;Lunds stift
Ärtemarks pastorat;Karlstads stift
Åhus församling;Lunds stift
Åker-Länna församling;Strängnäs stift
Åkerbo församling;Linköpings stift
Ålems församling;Växjö stift
Åmåls församling;Karlstads stift
Åre pastorat;Härnösands stift
Åtvids församling;Linköpings stift
Öckerö församling;Göteborgs stift
Örby-Skene församling;Göteborgs stift
Örebro pastorat;Strängnäs stift
Örgryte pastorat;Göteborgs stift
Örkelljunga pastorat;Lunds stift
Örkeneds församling;Lunds stift
Örnsköldsviks norra pastorat;Härnösands stift
Örnsköldsviks södra pastorat;Härnösands stift
Ösmo-Torö församling;Strängnäs stift
Össeby församling;Stockholms stift
Östersunds församling;Härnösands stift
Östervåla-Harbo pastorat;Uppsala stift
Österåkers pastorat;Stockholms stift
Östra Ryds församling;Linköpings stift
Östra Vikbolandets pastorat;Linköpings stift
Överkalix församling;Luleå stift
Övertorneå församling;Luleå stift
Övre Älvdals församling;Karlstads stift
